{
  "gizmos-infos": {
    "is2D": true,
    "is3DIcon": false,
    "iconSize": 2,
    "gridVisible": true,
    "gridColor": [
      166,
      166,
      166,
      255
    ],
    "transformToolName": "position",
    "pivot": "pivot",
    "coordinate": "local",
    "toolsVisibility3d": true
  },
  "__version__": "1.0.0",
  "builder": {},
  "snap-configs": {
    "position": {
      "x": 1,
      "y": 1,
      "z": 1
    },
    "rotation": 1,
    "scale": 1,
    "isPositionSnapEnabled": false,
    "isRotationSnapEnabled": false,
    "isScaleSnapEnabled": false
  },
  "rect-snap-configs": {
    "enableSnapping": true,
    "snapThreshold": 4
  },
  "camera-infos": {
    "95275195-8548-49bd-b0ec-63f186213382": {
      "position": {
        "x": 656.675492487994,
        "y": 358.0857215256131,
        "z": 5000
      },
      "rotation": {
        "x": 0,
        "y": 0,
        "z": 0,
        "w": 1
      },
      "viewCenter": {
        "x": 0,
        "y": 0,
        "z": 0
      },
      "contentRect": {
        "x": -4.976178710702732,
        "y": -14.093343523653797,
        "width": 1017.9555555555555,
        "height": 572.6
      },
      "scale": 0.7692533699124137
    },
    "bab4c41d-740b-41b7-be6a-62d24eeb5192": {
      "position": {
        "x": 640,
        "y": 360.00000000000006,
        "z": 5000
      },
      "rotation": {
        "x": 0,
        "y": 0,
        "z": 0,
        "w": 1
      },
      "viewCenter": {
        "x": 0,
        "y": 0,
        "z": 0
      },
      "contentRect": {
        "x": 0,
        "y": -17.175792507204566,
        "width": 971.6,
        "height": 546.525
      },
      "scale": 0.7590625
    },
    "3276bd54-132e-40b0-a1ca-b92048ce6838": {
      "position": {
        "x": 640,
        "y": 360.00000000000006,
        "z": 5000
      },
      "rotation": {
        "x": 0,
        "y": 0,
        "z": 0,
        "w": 1
      },
      "viewCenter": {
        "x": 0,
        "y": 0,
        "z": 0
      },
      "contentRect": {
        "x": 0,
        "y": -17.175792507204566,
        "width": 971.6,
        "height": 546.525
      },
      "scale": 0.7590625
    },
    "19aa0c25-3dd3-4363-a98d-2a3e75c28a1c": {
      "position": {
        "x": 639.9999999999999,
        "y": 360.00000000000006,
        "z": 5000
      },
      "rotation": {
        "x": 0,
        "y": 0,
        "z": 0,
        "w": 1
      },
      "viewCenter": {
        "x": 0,
        "y": 0,
        "z": 0
      },
      "contentRect": {
        "x": 615,
        "y": 335,
        "width": 286.3,
        "height": 572.6
      },
      "scale": 11.452
    },
    "c9cc6bb9-72d1-455b-a446-832811e5da57": {
      "position": {
        "x": 640,
        "y": 360.00000000000006,
        "z": 5000
      },
      "rotation": {
        "x": 0,
        "y": 0,
        "z": 0,
        "w": 1
      },
      "viewCenter": {
        "x": 0,
        "y": 0,
        "z": 0
      },
      "contentRect": {
        "x": 0,
        "y": -17.175792507204566,
        "width": 971.6,
        "height": 546.525
      },
      "scale": 0.7590625
    },
    "49c064ad-51f7-4629-a6a1-c31a4b277edd": {
      "position": {
        "x": 640,
        "y": 360.00000000000006,
        "z": 5000
      },
      "rotation": {
        "x": 0,
        "y": 0,
        "z": 0,
        "w": 1
      },
      "viewCenter": {
        "x": 0,
        "y": 0,
        "z": 0
      },
      "contentRect": {
        "x": 0,
        "y": -17.175792507204566,
        "width": 971.6,
        "height": 546.525
      },
      "scale": 0.7590625
    },
    "dfb1f247-2cbc-4eff-a0fb-196532534df2": {
      "position": {
        "x": 640,
        "y": 360,
        "z": 5000
      },
      "rotation": {
        "x": 0,
        "y": 0,
        "z": 0,
        "w": 1
      },
      "viewCenter": {
        "x": 0,
        "y": 0,
        "z": 0
      },
      "contentRect": {
        "x": 627.5,
        "y": 347.5,
        "width": 572.6,
        "height": 572.6
      },
      "scale": 22.904
    },
    "06e47c3c-150f-406a-8a67-d28e14e92fa7": {
      "position": {
        "x": 434.3361627245749,
        "y": 359.7787597413585,
        "z": 5000
      },
      "rotation": {
        "x": 0,
        "y": 0,
        "z": 0,
        "w": 1
      },
      "viewCenter": {
        "x": 0,
        "y": 0,
        "z": 0
      },
      "contentRect": {
        "x": 409.3361627245749,
        "y": 334.77875974135856,
        "width": 572.6,
        "height": 572.6
      },
      "scale": 11.452000000000007
    }
  },
  "camera-uuids": [
    "95275195-8548-49bd-b0ec-63f186213382",
    "bab4c41d-740b-41b7-be6a-62d24eeb5192",
    "3276bd54-132e-40b0-a1ca-b92048ce6838",
    "19aa0c25-3dd3-4363-a98d-2a3e75c28a1c",
    "c9cc6bb9-72d1-455b-a446-832811e5da57",
    "49c064ad-51f7-4629-a6a1-c31a4b277edd",
    "dfb1f247-2cbc-4eff-a0fb-196532534df2",
    "06e47c3c-150f-406a-8a67-d28e14e92fa7"
  ],
  "camera": {
    "color": [
      48,
      48,
      48,
      255
    ],
    "fov": 45,
    "far": 10000,
    "near": 0.01,
    "wheelSpeed": 0.01,
    "wanderSpeed": 10,
    "enableAcceleration": true,
    "size": "__default_design__",
    "far2D": 10000,
    "near2D": 1,
    "wheelSpeed2D": 6,
    "iso": 0,
    "aperture": 19,
    "shutter": 7
  },
  "float-window": {
    "position": {
      "cc": {
        "Camera": {
          "dock": false,
          "top": null,
          "bottom": 10,
          "left": null,
          "right": 10
        }
      }
    }
  }
}
